CustomerID,RiskScore
C00861,69.93
C01295,57.23
C01131,72.95
C01096,90.46
C01639,55.32
C02170,55.32
C00467,91.58
C01239,75.35
C00331,50.61
C01483,70.85
C02136,50.73
C02920,50.69
C00131,64.84
C01686,21.73
C00770,25.5
C02392,48.75
C01516,39.74
C02854,66.28
C02434,41.84
C01216,31.75
C00956,89.31
C02325,55.48
C01185,61.35
C00460,31.51
C00022,49.11
C02301,62.22
C00748,36.98
C02905,67.51
C00475,47.99
C01083,54.17
C02559,47.97
C02048,97.05
C02748,99.8
C00976,3.68
C01807,76.45
C00190,35.58
C02735,64.18
C00563,20.81
C01900,33.44
C01268,63.94
C02880,74.77
C01529,63.43
C00647,57.69
C02069,53.98
C02889,30.43
C02215,45.6
C01298,50.79
C02436,81.14
C00601,66.87
C02364,24.74
C02062,66.48
C00242,52.3
C02042,46.46
C02825,72.23
C02613,80.62
C02946,78.63
C01364,43.22
C02140,53.82
C01391,66.63
C01479,79.51
C02557,50.42
C00776,56.29
C00035,37.87
C02254,36.08
C01956,76.25
C01586,87.12
C01022,58.56
C02614,80.07
C01130,67.23
C01501,47.1
C00703,67.23
C02450,90.76
C02778,59.28
C01580,91.29
C00162,7.61
C00202,76.44
C01982,61.74
C00996,54.02
C02318,61.84
C00816,20.25
C00456,55.61
C01276,67.14
C01017,89.56
C02344,49.63
C02768,
C00338,49.96
C00879,78.31
C01077,66.58
C00792,
C02265,70.27
C00764,61.94
C02236,79.37
C00380,45.96
C00493,53.45
C01181,52.16
C02063,30.73
C00065,65.92
C02569,65.22
C01368,60.1
C01153,98.52
C02028,31.69
C02696,51.59
C01496,53.15
C01163,43.95
C01523,56.77
C02641,68.08
C00392,97.72
C01699,63.49
C00419,65.15
C02337,58.51
C00379,21.62
C01797,59.47
C02279,61.2
C02089,100
C02183,56.15
C00201,66.03
C01864,59.31
C00780,36.63
C02978,82.86
C00503,75.04
C02455,75.82
C01752,41.81
C00805,88.06
C02147,31.96
C02732,71.74
C01896,100
C02774,40.19
C01571,48.67
C00961,61.99
C02661,49.93
C01486,28.99
C02691,61.37
C01029,38.75
C02815,69.47
C00398,41.61
C00871,91
C02843,44.33
C00393,53.56
C00207,76.27
C01039,35.38
C01882,64.55
C02940,95.27
C01485,27.85
C00864,63.69
C02791,65.2
C00564,75.64
C01021,35.26
C00096,
C01924,70.44
C01758,65.94
C02533,1.17
C02797,66.93
C01679,1.21
C00541,64.65
C01060,65.86
C02573,45.71
C01184,97.32
C01723,69.48
C01820,36.17
C02626,73.13
C02730,40.51
C02605,75.74
C01598,83.17
C02694,43.59
C00796,79.27
C01052,68.26
C01644,76.44
C01355,97.94
C01664,55.09
C01530,
C02039,42.21
C01497,43.68
C02238,58.46
C01409,66.82
C01401,65.53
C01307,76.54
C02681,
C02676,89.07
C00973,54.71
C01769,100
C01283,72.51
C00710,42.86
C01480,38.58
C01435,
C00649,55.53
C00318,74.28
C01258,69.46
C00684,58.54
C00664,43.06
C01999,29.7
C01632,51.07
C01137,
C01854,64.28
C01521,35.09
C02490,63.46
C01292,67.71
C01637,42.32
C03000,63.07
C00699,61.16
C02161,37.14
C00002,67.16
C00642,71.22
C02268,81.66
C01590,81.08
C00855,32.45
C01760,41.24
C02433,70.3
C01662,70.28
C01154,70.3
C01708,100
C01696,71.42
C01734,82.71
C01440,79.08
C02295,73.03
C00836,53.69
C00203,75.18
C00123,44.54
C00401,55.26
C00767,50.29
C00294,61.64
C02328,100
C02932,22.65
C00198,73.73
C01931,27.75
C02800,50.56
C02192,81.78
C00609,61.29
C01148,38.45
C00187,45.69
C02512,73.59
C01795,45.39
C00660,64.33
C02812,60.91
C02451,46.97
C01370,100
C01987,72.68
C01535,19.5
C00147,63.73
C02912,46.76
C01735,77.05
C01844,44.15
C00489,57.71
C02977,70.1
C01960,77.32
C02599,35.99
C02386,53.31
C00641,50.5
C01803,46.93
C02521,95.31
C01970,68.1
C02199,34.78
C01439,78.36
C01635,100
C00263,80.65
C01788,29.61
C02394,50.32
C00624,85.34
C00881,45.85
C02050,68.88
C02945,
C01328,41.46
C02302,58.81
C00453,0
C02057,96.59
C01683,54.95
C02864,35.04
C02256,92.65
C01155,31.4
C00404,51.2
C02200,62.61
C02102,88.83
C01697,31.28
C00628,83.26
C00587,60.2
C01649,40.37
C01444,69.24
C01446,63.98
C00104,48
C00254,61.4
C02558,52.29
C00099,62.27
C02201,73.24
C01885,91.72
C02962,35.24
C01920,100
C00878,20.96
C02870,56.96
C00957,71.77
C01705,65.62
C00161,98.02
C01604,55.84
C02849,50.14
C01301,48.21
C01528,76.99
C01416,67.14
C01159,46.14
C01219,77.99
C00640,66.15
C02736,76.26
C00955,72.59
C00470,43.42
C01046,48.8
C02798,74.95
C01694,72.21
C02086,6.43
C02278,62.35
C02486,85.55
C01800,48.17
C02075,70.94
C00226,55.96
C00798,55.65
C02332,81.98
C02927,76.51
C00960,76.27
C01505,86.11
C00659,60.42
C00547,73.64
C00017,53.79
C01244,66.48
C02206,57.4
C02525,61.94
C01070,71.9
C02566,43.64
C01061,100
C02545,39.88
C00302,35.72
C00181,83.16
C00607,75.83
C00700,72.48
C00993,72.57
C01140,59.76
C00191,42.05
C00981,61.52
C02976,46.46
C02007,79.5
C00128,57.06
C02066,43.49
C01817,53.57
C01759,68.26
C00570,48.73
C01347,43.56
C02734,64.87
C00626,64.9
C02902,49.86
C01687,50.58
C00155,
C02538,31.04
C01410,31.85
C00785,45.63
C00246,55.73
C01706,66.22
C02807,89.51
C00538,77.15
C01891,56.8
C01842,59.62
C00921,39.95
C02456,59.63
C00525,54.23
C02876,66.45
C02951,43.46
C00036,
C00685,90.65
C00020,57.82
C02369,68.03
C02560,73.8
C00400,51.98
C02702,64.48
C00972,60.25
C01907,61.95
C02519,98.08
C01167,60.49
C01116,69.96
C00834,89.02
C01824,79.19
C02775,100
C01983,44.65
C00854,77.45
C00051,63.67
C00575,100
C01149,43.83
C02198,
C02362,48.01
C02618,17.52
C02353,49.48
C01716,44.82
C00682,63.01
C00838,66.84
C01078,97.52
C02492,79.01
C02312,48.46
C01596,42.03
C00005,69.84
C01127,33.6
C01220,96.63
C00774,95.06
C00877,50.62
C00992,25.74
C00047,87.08
C02915,57.71
C02871,84.76
C02984,28.11
C02704,48.01
C00269,60.1
C00370,60.94
C00636,51
C00657,
C00120,38.65
C00831,57.15
C01811,62.41
C01082,70.29
C01975,74.23
C00741,37.51
C00117,29.32
C02839,85.55
C01151,66.65
C01932,45.03
C01013,91.02
C01665,62.31
C00634,83.59
C00513,61.35
C02850,100
C01120,95.11
C01142,55.02
C00560,79.43
C00488,4.53
C00897,87.37
C01213,40.7
C00704,73.72
C01471,81.17
C00581,24.83
C02838,36.33
C02909,19.22
C00154,54.61
C01680,74.35
C00997,90.05
C02745,61.48
C01093,92.57
C01009,32.4
C02142,25.93
C01774,58.89
C00958,67.68
C01228,59.35
C02960,18.65
C02266,58.22
C02522,33.91
C02480,73.39
C02389,67.33
C00551,41.2
C01636,97.92
C01313,38.82
C00357,58.75
C02071,79.1
C01786,40.29
C02570,70.08
C01782,49.39
C02810,44.14
C02817,57.86
C01016,39.3
C01349,48.93
C00516,36.04
C02840,99.29
C00336,60.71
C01783,46.01
C02306,64.28
C00497,57.75
C00896,55.58
C02208,72.28
C00852,75.15
C01688,49.39
C02738,48.48
C02428,54.5
C01569,13.96
C02739,99.57
C01441,87.34
C01192,92.9
C01067,55.02
C00285,71.53
C02445,66.23
C00012,100
C01631,82.39
C02547,57.44
C00754,40.89
C02083,27.87
C02897,64.07
C00090,44.87
C02653,31.55
C01626,47.07
C00418,38.37
C00115,93.74
C00617,77.63
C00826,59.84
C01650,89.6
C01517,61.55
C00413,42.77
C00729,90.46
C02809,70.78
C00676,39.26
C01893,56.19
C02505,42.49
C02968,32.34
C02240,78.52
C02787,98.19
C01123,32.03
C01572,71.26
C00978,46.99
C02144,50.26
C02711,48.15
C00037,42.72
C01549,60.97
C02327,43.38
C00873,65.41
C01822,59
C01297,55.22
C02110,41.85
C00596,48.46
C01904,75.11
C01366,70.02
C00397,40.45
C02225,61.99
C00396,75.03
C02493,26.61
C00076,70.87
C00265,46.75
C02503,71.41
C00718,44.73
C02783,23.9
C00851,27.45
C00144,60.96
C00885,65.19
C02996,41.91
C02939,72.77
C01493,26.77
C01168,58.68
C02617,35.78
C01063,46.96
C02157,60.95
C01066,42.79
C01210,52.31
C02983,80.13
C02446,48.46
C01157,76.71
C00733,37.41
C00235,97.52
C02706,88.83
C00751,10.57
C02636,44.06
C00954,71.54
C02540,55.94
C02961,67.42
C01543,47.92
C01198,61.73
C01677,56.89
C02218,83.36
C01417,65.09
C02994,66.75
C02682,51.76
C01218,50.25
C01541,51.35
C02077,67.89
C02387,51.58
C01520,65.8
C01389,100
C01857,77.42
C00500,53.48
C01681,84.02
C00511,51.84
C00217,19.24
C01325,39.84
C01156,22.58
C01828,52.97
C02924,60.37
C01206,93.53
C00091,66.54
C00714,55.62
C00039,76.59
C00173,6.09
C00653,64.71
C01684,75.42
C02524,30.43
C00829,82.88
C00895,66.77
C01385,51.69
C01959,2.43
C02435,100
C01997,63.64
C02396,64.96
C00505,50.81
C01215,43
C01532,76.61
C00824,42.88
C00929,61.43
C00934,50.45
C01141,69.58
C00134,66.67
C02106,80.75
C02720,49.8
C02221,54.6
C01853,40.42
C00815,51.11
C01173,67.55
C00080,75.14
C02934,41.56
C01253,77.39
C01700,87.11
C01251,68.27
C01556,97.54
C02095,44.52
C01257,35.11
C01550,3
C01397,89.92
C00471,73.09
C01036,58.89
C01354,65.6
C02784,37.49
C02832,100
C00968,62.58
C00358,62.19
C00668,74.52
C00373,69.62
C01032,64.48
C01146,44.19
C01372,69.43
C02724,97.64
C02746,86.91
C00540,
C02780,49.78
C00869,40.21
C00041,57.48
C00740,61.11
C01947,81.88
C02550,26.15
C01225,90.59
C02037,56.84
C02509,
C00925,39.76
C02957,26.9
C01582,76.46
C00390,99.68
C01618,34.2
C02931,34.1
C00256,53.28
C00709,93.38
C01839,54.81
C01945,29.94
C02498,55.09
C00010,54.55
C02872,6.06
C01825,58.91
C00374,55.38
C02194,73.92
C00224,96.98
C01263,82.53
C00853,
C00063,37.87
C01241,100
C02875,61.18
C00689,60.28
C01634,59.52
C02153,63.96
C00385,57.11
C00405,48.53
C00518,49.06
C00476,59.34
C02001,49.13
C02757,45.74
C01669,62.13
C01894,54.9
C02819,90.08
C01461,6.98
C02725,81.83
C00083,84.92
C01169,18.53
C01902,53.15
C02049,52.57
C00717,31.85
C01470,44.44
C00449,37.79
C02082,95.05
C02143,78.71
C01575,85.43
C02202,74.43
C00250,37.42
C00674,49.51
C00438,69.79
C02166,35.56
C00771,74.26
C00268,55.19
C01985,52.5
C00236,74.22
C00389,68.89
C00763,52.78
C01849,83.19
C02449,38.38
C02967,72.32
C02901,71.86
C00578,53.81
C02123,96.56
C00435,34.98
C02151,78.48
C02786,56.3
C01330,49.55
C02146,80.98
C02846,45.91
C01359,31.83
C02907,28.87
C02483,72.12
C00447,34.39
C02018,95.1
C01332,18.36
C00249,93.93
C00166,64.22
C01020,58.07
C00542,49.1
C00759,67.98
C02129,59.25
C02181,82.07
C00797,62.28
C02948,63.01
C00138,52.73
C02232,58.86
C02833,66.16
C01876,25.8
C00069,33.04
C02594,74.87
C02101,63.42
C01474,56.32
C00205,60.37
C02174,66.95
C00043,49.2
C02159,44.43
C00761,63.92
C02896,40.43
C01995,68.17
C01936,25.95
C00900,80.58
C00360,69.45
C01720,65.12
C00281,79.65
C01888,93.31
C00667,80.29
C00093,23.18
C00672,34.41
C00061,47.5
C01490,96.35
C00604,70.35
C02582,45.49
C01429,
C02886,7.03
C02693,47.77
C02281,9.93
C00524,41.54
C01969,32.97
C01102,40.48
C01754,81.07
C01837,99.7
C02842,100
C02297,69.87
C01145,63.7
C02262,42.83
C02287,74.01
C01080,48.49
C02398,62.44
C00107,100
C02879,58.08
C00048,82.99
C00337,45.94
C01050,59.3
C02852,95.42
C01281,47.46
C02056,96.25
C00625,74.16
C01277,48.75
C02767,72.65
C00303,79.45
C00639,
C00056,28.6
C00726,45.46
C00526,55.05
C00474,58.51
C00028,72.41
C02126,63.55
C00365,33.29
C02714,67.6
C02747,72.21
C01336,71.2
C00883,81.62
C01031,76.68
C01027,69.18
C01647,58.6
C00919,26.78
C02411,68.59
C01775,64.15
C01655,65.43
C00485,34.47
C02076,38.38
C01977,81.06
C01255,59.21
C02134,
C00126,60.57
C02860,60.6
C00537,78.77
C02193,49.68
C02073,61.92
C00067,50.75
C00233,51.31
C01170,53.82
C02276,64.44
C00111,50.43
C01494,85.12
C00623,42.11
C02796,56.26
C02643,51.21
C02473,88.94
C01542,63.93
C02740,80.64
C01306,30.29
C01762,65.34
C01976,77.79
C02363,61.65
C01990,81.31
C02710,49.65
C01606,88.19
C01527,97.19
C02672,52.74
C02564,51.09
C02891,89.07
C01161,91.59
C02947,49.54
C00243,51.6
C02591,54.36
C01064,33.11
C00229,41.63
C02596,
C00920,44.64
C01247,59.31
C00006,64.68
C00468,91.01
C01756,40.03
C00075,79.69
C00004,55.72
C01871,59.01
C00646,73.5
C00118,
C02929,67.65
C01630,63.33
C02552,69.85
C02022,65.78
C00947,100
C02622,47.25
C01465,49.38
C00194,47.54
C00847,48.89
C02763,47.25
C01459,83.78
C02374,88.41
C01434,48.59
C02884,43.35
C00724,69.43
C00225,48.96
C00532,72.66
C00113,64.06
C02188,29.69
C00559,90.95
C02138,95.92
C00654,47.74
C00320,52.25
C01574,65.72
C01829,66.69
C01918,73.17
C00139,100
C02893,56.46
C02027,44.03
C02307,32.41
C00902,45.38
C00690,59.34
C02040,95.89
C00261,49.65
C01943,64.48
C01674,59.67
C02220,83.77
C02061,100
C01620,49.38
C00321,50.21
C01343,80.88
C02377,73.64
C02959,96.93
C01944,71.68
C01119,52.81
C01605,71.81
C02366,82.17
C00334,76.41
C01909,70.15
C00376,81.33
C02561,83.39
C01320,87.64
C02966,72.97
C01856,
C01373,62.93
C01852,84.13
C01315,43.66
C00725,67.37
C02053,52.13
C02899,60.57
C00078,85.57
C00132,63.82
C01773,60.93
C02137,32.8
C01319,74.93
C00616,72.91
C02848,100
C02470,53.84
C01889,64.38
C01047,64.99
C02191,91.55
C02713,58.09
C01249,65.58
C01998,72.16
C00821,63.73
C02152,51.07
C01971,63.88
C01670,81.47
C02627,39.47
C02439,62.66
C01203,
C02602,83.9
C01472,29.54
C01693,48.82
C02036,99.53
C00478,91.31
C00923,58.68
C00420,48.9
C02205,97.62
C02598,31.04
C01121,16.02
C00951,68.8
C01278,49.96
C02244,39.58
C02646,74.17
C01858,64.88
C00517,48.72
C01659,34.39
C01866,77.45
C02913,73
C01933,58.02
C01901,96.93
C02264,38.6
C02372,29.49
C02892,46.16
C00130,59.09
C00095,64.87
C02675,55.18
C02803,67.04
C00794,34.97
C01835,88.88
C02117,58.36
C00011,82.35
C00712,66.85
C00346,69.14
C02350,71.4
C00363,68.95
C02444,72.85
C02189,86.58
C00985,63.93
C01640,74.18
C00828,58.21
C02731,88.8
C00356,46.47
C01348,96.02
C02936,59.2
C00127,31.38
C01929,62.56
C01014,46.38
C02827,76.81
C01431,46.95
C01793,51.08
C02862,22.21
C01646,50.95
C02468,11.52
C02873,28.32
C01855,75.21
C00567,75.72
C02419,68.51
C00936,40.66
C01935,59.05
C02709,59.93
C01333,36.83
C02361,90.07
C00937,77.55
C02292,55.58
C00386,60.54
C02395,64.17
C02688,19.17
C00939,55.06
C00876,46.36
C00025,39.97
C01991,54.38
C01204,95.95
C01880,72.82
C01003,48.58
C00662,71.45
C02204,87.99
C00967,78.49
C00849,61.19
C01108,1.88
C00148,73.96
C00342,67.87
C01087,
C01725,72.7
C01384,80.99
C02609,99.33
C00327,86.35
C00990,63.95
C02263,100
C00952,46.22
C00723,94.72
C02080,63.96
C02718,46.97
C02333,50.32
C00429,53.59
C00286,68.48
C00769,70.46
C02638,48.53
C01395,59.51
C00988,100
C02162,94.55
C01702,68.73
C01921,60.76
C02973,62.4
C00055,72.27
C00800,39.54
C00778,54.85
C01482,26.63
C02210,67.98
C02135,72.94
C01202,50.34
C00833,91.48
C00313,35.48
C01859,30.71
C02008,64.49
C02491,80.94
C01791,93.68
C00328,50.82
C01288,81.57
C01112,59.23
C01312,56.55
C02539,77.67
C00452,73.05
C01524,28.47
C00165,89.53
C00182,87.6
C02517,47.49
C00910,67.92
C00823,69.88
C00944,65.21
C02002,48.99
C02055,99.83
C00330,59.49
C00775,83.45
C00915,70.87
C01309,52.59
C00082,75.43
C00514,
C02863,82.98
C01940,25.21
C00746,52.75
C00707,37.61
C02309,34.11
C01280,83.22
C00905,50.65
C02988,66.93
C01388,59.06
C01304,69.54
C00593,61.54
C02762,34.34
C02680,79.93
C02107,50.12
C00736,28.87
C02769,51.44
C02574,90.02
C00521,77
C02600,53.03
C00237,53.01
C01305,53.57
C01302,100
C02542,67.64
C02052,68.6
C00442,80.61
C02658,64.78
C02176,54.82
C02090,56.07
C01380,58.57
C02982,59.26
C01701,74.55
C01402,61.04
C00588,74.65
C01623,
C00731,61.57
C00168,20.04
C00610,78.33
C02316,
C02041,79.96
C02869,2.07
C00455,100
C02954,57.21
C01709,82.16
C02970,39.2
C00702,72.26
C01600,38.93
C01846,47.52
C01387,98.28
C02867,56.19
C00693,64.35
C00029,97.45
C00149,69.91
C02059,63.01
C02855,67.3
C02792,100
C01334,58.85
C00098,64.02
C02671,81.01
C02712,82.11
C00758,83.74
C00406,72.77
C01763,37.14
C00482,92.67
C02249,37.07
C01525,66.05
C02121,44.91
C02761,5.19
C01041,66.58
C00108,66.43
C00172,
C00102,92.27
C02914,69.07
C02572,55.12
C02323,79.28
C02865,83.79
C01342,35.45
C00216,71.95
C00339,74.02
C01751,54.05
C01509,87.51
C02422,57
C01224,62.51
C02514,56.54
C01113,60.31
C01562,38.07
C01040,31.2
C00711,91.89
C01818,43.06
C00391,40.17
C00335,16.93
C00629,47.22
C00137,33.54
C01522,92.84
C00827,80.2
C00727,46.24
C02642,100
C02420,79.64
C00935,53.5
C00402,10.01
C01467,100
C00615,32.21
C01183,
C02668,80.45
C01122,100
C02853,87.69
C01195,71.28
C00183,71.9
C00364,77.07
C02770,75.18
C00016,65.62
C01450,62.08
C01132,58.75
C02942,44.92
C00311,54.39
C00739,26.14
C00546,58.03
C02462,40.23
C00251,37.93
C01805,63.6
C01915,87.84
C00814,78.37
C02033,28.59
C00477,40.21
C00245,78.82
C00697,40.35
C00272,55.51
C01772,71
C02425,40.63
C00266,62.11
C02974,33.32
C00340,47.97
C02625,66.4
C02051,28.14
C01166,68.81
C02034,59.61
C00146,97.9
C00293,64.48
C00432,87.28
C00705,62.5
C02997,51.41
C02633,62.45
C00399,70.87
C00964,60.98
C02235,60.81
C02109,45.96
C00807,46.74
C01464,31.95
C01326,94.99
C01086,96.01
C01869,46.14
C02274,45.63
C02612,77.9
C00772,54.1
C01595,84.95
C01608,46.53
C01390,65.58
C00825,43.29
C02801,100
C02554,36.25
C01912,66.2
C00054,72.68
C02737,68.28
C01545,56.29
C01044,57.4
C01914,60.88
C01777,57.06
C01597,79.28
C02467,100
C00850,9.15
C00003,32.6
C00160,58.23
C00781,100
C00893,43.93
C02031,92.78
C00580,93.55
C01934,48.93
C01381,71.38
C01291,92.57
C01641,52.42
C02683,55.93
C01356,48.37
C00170,39.7
C01487,47.01
C00040,35.52
C01561,60.68
C01419,44.6
C00984,64.68
C00975,28.88
C00038,66.62
C02376,76.67
C01275,20.13
C01200,67.48
C00914,84.55
C00454,35.81
C01712,93.45
C01138,68.38
C02272,45.9
C02397,58.88
C02163,71.17
C01592,61.52
C01890,70.78
C02088,41.59
C01286,63.39
C02384,31.73
C02401,57.78
C02619,41.92
C02829,45.29
C01717,84.72
C01194,81.83
C00557,72.18
C01055,38.15
C02583,53.67
C00426,84.26
C02130,62.83
C02404,100
C00589,67.87
C02013,63.84
C01548,53.82
C00295,62.67
C01986,56.95
C01248,74.16
C01691,79.13
C02065,44.28
C00448,33.38
C02904,23.28
C02413,70.16
C00675,37.93
C01008,16.94
C01350,67.77
C02515,100
C00586,59.88
C00994,76.77
C01436,61.64
C00572,58.02
C02383,78.38
C01246,54.19
C02085,65.35
C00989,66.43
C00278,46.64
C02964,79.84
C00484,56.5
C01266,44.89
C00918,70.73
C00886,42.03
C02753,60.56
C02258,59.82
C02354,81.72
C00687,69.49
C00716,59.5
C00948,76.36
C02429,87.8
C02508,71.16
C00907,60.21
C02127,33.76
C02995,38.7
C02507,53.9
C01454,47.81
C00738,
C00887,61.13
C02845,70.59
C01099,97.43
C01711,69.73
C00974,97.96
C01563,20.49
C00021,41.21
C02351,57.12
C00084,
C01411,72
C01531,90.62
C01981,84.38
C00793,55.73
C01810,89.81
C01084,62.97
C02478,53.26
C00520,47.73
C00591,
C01051,52.24
C01710,63.41
C02247,63.21
C00349,60.06
C01964,68.74
C01560,83.81
C00378,78.99
C00527,30.3
C02782,8.92
C01260,78.69
C01764,32.66
C02549,55.5
C00584,36.6
C00395,23.96
C01088,70.83
C00072,75.18
C00274,48.47
C02014,8.18
C01344,49.08
C01568,67.84
C02044,30.42
C00779,63.67
C00214,59.69
C01577,71.59
C02937,62.39
C00592,97.8
C01110,83.93
C02721,56.83
C01952,59.45
C02273,41.33
C01950,51.13
C02637,42.3
C02164,56.54
C02242,94.23
C02919,32.56
C00143,27.73
C00106,89.42
C00428,55.81
C01329,46.62
C00317,80.8
C00635,47.89
C01926,96.52
C02822,73.56
C02271,50.24
C00553,100
C01714,47.89
C01884,74.84
C02431,65.99
C00459,86.03
C00208,91.23
C00410,60.64
C00515,44.93
C00809,69.2
C00874,46.45
C00014,100
C00971,62.73
C01267,52.69
C00750,63.69
C01928,33.06
C02357,40.57
C00695,84.01
C02336,46.86
C00307,39.06
C00549,70.73
C00312,83.71
C02921,74.38
C02972,79.92
C01738,44.86
C00755,31.56
C00445,90.03
C02141,53.55
C01231,54.98
C00353,86.56
C00903,71.12
C02910,69.12
C01749,100
C00159,47.13
C01978,78.56
C02072,61.14
C02580,65.37
C01713,90.57
C00608,70.16
C01274,70.77
C01536,81.45
C01442,52.7
C02980,43.22
C01798,39.1
C00186,20.67
C01270,95.4
C00637,37.94
C00530,55.57
C02148,54.46
C00940,
C02382,76.31
C00375,77.21
C02341,48.34
C02885,56.66
C01526,65.65
C00381,55.03
C00504,92.15
C02009,69.82
C02114,74.7
C02047,98.43
C01473,83.47
C01448,63.62
C00301,34.06
C02335,67.99
C00630,46.97
C00270,49.43
C02640,71.73
C01994,84.77
C01629,60.43
C01802,66.18
C00862,94.04
C01707,64.82
C00576,100
C02004,71.31
C01308,24.78
C01957,75.07
C02021,67.62
C02213,85.8
C01656,73.46
C01848,57.23
C01743,35.51
C00620,55.82
C00969,42.99
C01317,48.39
C00282,71.77
C02167,93.4
C01059,67.89
C01230,36.08
C00490,68.89
C00276,83.93
C02741,47.8
C02290,57.32
C01240,60.29
C01209,44.3
C02543,72.97
C02475,57.58
C01318,68.39
C02432,42.25
C00308,51.25
C01360,74.45
C02794,52.54
C00892,94.54
C01365,52.01
C00129,64.49
C01015,78.65
C02717,31.63
C01382,24.78
C01519,29.49
C00086,85.25
C01199,48.96
C02359,100
C01143,48.72
C00987,63.69
C00345,90.84
C01988,100
C01311,99.67
C02000,84.17
C01678,80.48
C02409,71.85
C01010,75.57
C01609,48.98
C00688,5.12
C00494,59.93
C01668,56.6
C01638,50.94
C00019,73.93
C01001,79.11
C00822,96.04
C01625,89.55
C02773,37.17
C00917,56.13
C00305,
C02339,22.67
C02150,58.35
C02010,57.57
C02890,
C00962,5.37
C02990,39.52
C02133,97.08
C02502,84.42
C01948,71.64
C02677,55.47
C01178,40.81
C00665,52.56
C00304,81.77
C02831,97.69
C02391,90.86
C02546,50.22
C02412,99.68
C00891,62.82
C01005,24.63
C00407,66.46
C02667,57.05
C02447,50.68
C02841,28.11
C00715,70.27
C00324,49.35
C00789,36.6
C00141,2.55
C00787,59.45
C01826,95.45
C01358,93.23
C01917,50.86
C02799,47.96
C01180,69.38
C01672,40.03
C01682,66.04
C02692,75.32
C00350,84.54
C01287,58
C02207,55.93
C02360,42.44
C02346,43.46
C01476,55.47
C01799,67.35
C01196,78.27
C01400,43.94
C01386,89.85
C02607,54.58
C02935,59.57
C02426,45.06
C01657,11.52
C01661,77.68
C02632,74.74
C00720,54.37
C01073,61.34
C00859,70.32
C00050,28.75
C02579,49.42
C01463,75.89
C01585,34.91
C00483,65.87
C01250,32.87
C00673,69.33
C00631,59.29
C01547,27.7
C00650,83.29
C01101,45.31
C00441,43.79
C01827,64.01
C01578,82.97
C02685,39.68
C00999,61.23
C01242,68.58
C01126,73.86
C01191,63.53
C02669,52.66
C01006,43.45
C00744,61.72
C01765,38.56
C01923,1.57
C00073,68.73
C01377,78.08
C01094,12.74
C00708,97.4
C02565,72.38
C02476,100
C02197,60.42
C02824,
C01736,56.34
C00058,87.5
C02818,47.08
C02662,44.02
C01233,50.35
C02402,40.93
C01495,62.45
C00116,92.49
C01466,66.46
C02501,54.95
C02666,54.16
C02494,28.74
C00633,77.66
C02103,58.44
C01424,56.39
C02563,100
C00348,65.98
C01272,44.96
C02454,51.47
C01767,82.97
C00481,62.27
C01602,96.1
C00341,78.38
C02011,46.64
C02497,97.47
C01867,81.6
C00835,51.05
C01726,85.62
C01690,61.36
C00262,77.06
C01443,69.69
C01340,43.07
C00244,7.28
C00561,80.6
C00042,53.3
C02726,51.93
C00594,40.9
C01453,68.47
C02979,100
C01812,38.65
C00164,60.48
C01806,88.24
C02881,58.41
C01134,69.05
C00238,38.75
C02531,68.57
C01961,56.26
C02950,79.71
C01049,83.75
C02530,100
C02965,71.59
C01980,66.52
C00092,63.89
C00543,95.17
C00846,66.77
C02495,54.09
C01954,63.37
C02826,86.35
C02393,39.87
C02430,82.8
C01951,86.34
C00457,57.64
C00983,17.56
C02131,47.84
C01353,
C02311,59.54
C01796,40.01
C01576,49.9
C02149,76.81
C01383,70.93
C01404,55.22
C00820,52.66
C00124,52.16
C00422,98.71
C00768,92.31
C02045,53.55
C02567,84.34
C02203,90.43
C00510,79.97
C01207,51.37
C02453,68.07
C02294,59.52
C00742,
C02698,66.49
C01447,36.42
C00901,83.75
C02113,50.71
C02261,64.02
C02541,65.67
C00465,54.82
C02443,71.73
C01941,50.5
C02356,77.43
C01792,33.08
C01732,62.53
C01588,
C01460,39.99
C01949,46.45
C02673,70.28
C00105,63.59
C00425,67.01
C02177,69.78
C02280,72.69
C02248,82.19
C02993,68.2
C00079,55.17
C00856,73.45
C02629,98
C00845,57.35
C00087,40.51
C02091,82.14
C00408,57.59
C00232,16.55
C00366,76.95
C01675,49.29
C00436,3.41
C01235,66.64
C01415,63.81
C02588,74.19
C01285,51.29
C00773,70.26
C02038,54.81
C02568,74.78
C02186,72.31
C02416,41.29
C02511,81.72
C00963,49.28
C01614,6.23
C02217,67.35
C00119,96.76
C00652,55.53
C01883,53.01
C01512,59.61
C02399,98.54
C00523,76
C00522,27.67
C00783,38.93
C02321,38.64
C02231,79.01
C01689,94.21
C01851,57.91
C02172,56.62
C00686,61.4
C02991,83.24
C02286,41.45
C00663,64.77
C02284,79.5
C02251,
C00598,63.79
C01369,80.02
C02908,5.94
C02589,73.56
C00213,46.92
C00463,23.39
C02484,70.22
C00283,87.47
C00088,57.25
C01068,79.06
C00461,92.25
C02326,86.3
C02469,92.8
C02744,74.84
C01654,61.51
C02067,27.96
C00023,55.08
C02461,43.14
C01054,100
C01831,56.48
C02156,62.46
C01135,71.03
C02184,60.87
C00362,93.9
C01507,47.55
C01755,63.89
C02985,45.15
C02160,33.6
C01037,
C02548,59.26
C02282,51.41
C02650,46.15
C00314,31.87
C02257,58.34
C01038,29.91
C02635,75.2
C01779,61.65
C01125,30.85
C00698,53.82
C02180,44.96
C01405,66.38
C01930,86.81
C02584,22.5
C00227,62.3
C02024,56.8
C02250,73.43
C00188,64.26
C01081,44.96
C00941,53.62
C02631,44.08
C01079,81.52
C02814,60.43
C01939,98.02
C00060,58.79
C02963,45.83
C02259,29.73
C01133,23.94
C01100,28.32
C01338,65.34
C00998,70.17
C02975,28.38
C00868,77.9
C01374,50.34
C02529,62.94
C01652,92.24
C02811,77.94
C01327,54.63
C01284,42.18
C01776,16.96
C01071,45.62
C01583,55.78
C02185,40.26
C00602,57.37
C00837,61.54
C02098,55.5
C01643,47
C01886,63.37
C02029,68.84
C02758,38.19
C02611,88.22
C02805,58.03
C00922,60.38
C02097,74.16
C00638,
C02660,79.06
C01862,65.74
C02857,47.75
C00548,67.23
C01432,37.13
C00618,62.17
C00163,59.34
C00632,55.84
C00906,57.43
C02015,22.36
C01642,49.03
C00582,61.86
C00841,63.2
C01252,39.45
C02644,85.31
C02298,42.68
C00875,79.39
C02687,0.25
C01423,47.08
C01172,95.51
C02190,36.13
C01337,78.38
C01106,80.01
C00371,46.59
C01881,87.85
C00384,55
C02209,65.77
C02375,65.21
C00573,57.31
C02471,76.22
C00177,75.87
C00529,25.03
C00966,86.09
C01518,26.75
C01538,80.65
C02070,97.15
C00344,38.18
C00571,51.78
C00611,37.89
C01728,55.7
C02291,53.84
C01092,75.59
C00884,86.21
C02424,87.91
C01750,48.76
C02652,55.82
C00782,26.33
C02728,43.88
C01784,79.3
C01992,92.31
C01012,35.31
C02275,48.15
C02727,59.47
C01815,65.6
C02649,43.81
C02427,68.48
C01451,50.52
C00008,59.71
C02556,70.93
C01321,60.13
C02212,51.27
C02615,57.81
C01968,58.23
C01128,52.6
C01234,54.82
C02823,91.97
C00848,8.77
C02925,54.09
C00259,73.94
C01899,
C02534,83.46
C00613,67.39
C01916,57.85
C02308,68.95
C02414,28.58
C02592,37.46
C02697,36.12
C01911,62.86
C00670,94.65
C00924,100
C00247,72.76
C02179,70.02
C00930,23.98
C02749,49.15
C01396,44.24
C01458,47.58
C00982,56.64
C00986,50.56
C02355,20.41
C00943,74.96
C00931,38.55
C00289,64.78
C02941,100
C02320,41.61
C01090,9.39
C02296,54.28
C00156,82.02
C02239,99.17
C01603,35.41
C01830,69.93
C00533,50.69
C00949,57.88
C02020,100
C01139,29.94
C02267,65.07
C01378,69.35
C02606,81.72
C00142,61.96
C00501,66.16
C00840,52.17
C02750,65.38
C01566,53.14
C01905,72.43
C00424,52.61
C01299,
C00980,59.41
C01660,82.52
C01399,58.97
C01144,24.54
C02513,85.24
C02368,41.89
C02868,46.92
C01227,48.09
C02270,87.49
C00068,17.29
C02562,100
C01622,81.12
C01279,64.46
C00661,58.9
C01300,65.71
C00977,70.42
C00728,72.9
C02528,71.11
C00343,61.79
C02380,56.05
C02222,56.97
C01897,56.1
C02074,82.68
C02581,71.87
C00179,1.19
C01847,73.12
C01430,63.89
C02124,59.63
C00579,52.23
C01186,82.48
C02999,78.95
C01111,44.54
C01937,68.14
C02621,40.57
C00730,1.37
C01491,47.47
C01645,77.25
C00867,79.06
C01456,70.26
C02701,74.5
C00701,70.32
C01214,47.17
C01160,68.64
C00555,76.01
C01801,75.09
C01573,83.78
C00817,74.17
C01813,67.03
C01357,81.4
C02175,59.47
C00001,42.36
C01953,56.74
C00174,45.1
C01367,46.5
C02479,57.11
C02898,44.15
C02460,53.84
C00332,22.13
C02703,64.27
C01794,60.02
C00959,43.66
C01843,73.18
C01290,78.75
C00210,27.85
C01564,44.75
C02715,44.62
C00387,41.2
C01105,76.59
C02283,56.12
C01237,54.71
C00574,
C00049,72.71
C00223,35.21
C02969,61.2
C01462,65.55
C02659,87.21
C01475,33.82
C02243,0
C02895,63.68
C01065,96.01
C02608,84.78
C00679,64.19
C02488,50.17
C02981,76.14
C00007,40.53
C02012,69.53
C01503,70.11
C02373,81.2
C00443,100
C01179,67.85
C02496,49.82
C02310,59.49
C02173,24.62
C00911,46.11
C00786,51.81
C02417,49.52
C00077,63.05
C00059,43.55
C02686,82.42
C02722,60
C01403,59.81
C00762,53.44
C00383,63.1
C01004,76.5
C01557,42.66
C00300,46.84
C00359,53.93
C01628,33.08
C00909,43.61
C02187,50.48
C01238,77.49
C01785,65.25
C02835,63.87
C01910,77.02
C02112,57.25
C00267,98.38
C01511,57.94
C01208,65.31
C00558,48.34
C01018,11.22
C02195,
C00666,88.45
C01611,78.52
C01715,79.31
C01973,84.72
C02820,61.77
C02989,63.95
C02385,47.65
C02785,53.68
C00683,72.32
C01834,84.08
C00277,57.21
C00696,51
C01310,60.01
C00057,72.02
C02695,31.12
C01089,14.08
C01768,48.99
C00648,35.59
C00257,49.84
C02751,57.04
C00802,50.94
C00942,89.05
C00414,66.53
C02016,66.01
C01314,72.44
C02093,37.22
C01147,80.78
C01552,58.48
C02423,73.41
C02370,38.56
C00450,28.92
C01498,76.36
C02343,67.53
C02952,41.96
C01591,42.61
C02781,82.51
C01589,36.21
C00437,92.85
C02079,41.99
C00053,72.77
C01229,53.43
C00354,72.06
C01740,49.12
C00991,56.74
C01265,60.82
C02342,39.96
C00818,74.82
C02438,49.74
C00889,55.43
C01698,40.11
C00819,8.75
C01107,56.18
C01996,100
C02223,75.69
C01809,59.61
C00431,54.74
C01737,60.45
C01747,70.94
C01676,36.38
C02858,82.29
C00913,74.31
C01024,74.36
C01379,68.77
C02789,60.39
C01124,73.46
C00329,71.84
C02006,52.92
C02017,48.53
C01879,62.04
C01197,90.98
C02322,35.22
C02536,30.65
C01816,63.3
C02916,61.02
C00171,63.47
C02457,64.88
C02906,55.54
C02793,89.8
C01445,27.98
C00033,43.43
C02804,57.93
C02060,27.14
C02603,56.48
C02421,93.23
C02777,60.42
C00644,64.61
C00195,34.8
C01103,47.67
C02656,52.5
C00434,53.65
C01553,85.63
C01114,71.15
C02410,37.77
C00026,64.93
C01418,97.18
C02555,82.8
C02315,91.61
C02504,39.7
C01007,43.78
C02911,34.85
C00491,55.32
C01724,69.33
C01593,79.75
C02537,58.48
C01117,53.6
C02379,63.04
C02381,43.3
C00863,100
C01692,27.85
C00870,63.69
C01414,100
C00619,60.14
C01271,56.2
C02526,52.85
C00495,56.39
C02802,87.46
C01878,15.76
C02122,90.67
C02219,31.52
C00872,54.67
C01627,51.42
C02788,71.77
C02452,28.04
C02766,69.24
C01428,100
C00315,32.74
C01925,63.79
C01217,46.76
C01425,68.52
C00651,60.38
C02330,47.17
C00552,69.76
C00462,96.09
C00221,56.18
C02601,74.4
C01392,99.74
C00112,40.87
C00271,69.45
C02755,89.68
C02237,67.11
C00290,53.74
C02481,59.99
C00279,34.99
C00681,72.09
C01958,77.65
C00212,50.96
C01539,50.6
C00844,65.32
C01989,51.27
C01850,58.68
C00306,100
C02585,55.06
C01136,52.83
C00206,47.05
C00496,74.88
C00310,56.38
C01823,47.01
C02986,86.43
C02553,88.39
C01584,99.77
C00153,22.67
C02917,80.15
C01753,46.31
C00167,75.81
C00509,20.6
C01165,77.85
C02293,35.78
C00175,74.62
C00192,60.29
C01152,40.92
C01938,51.86
C00369,73.73
C01908,62.12
C02874,71.69
C01294,99.53
C02776,96.62
C02241,92.34
C01477,62.09
C02331,42.02
C01000,
C02764,56.22
C00451,78.43
C00595,
C00464,90.22
C00140,30.98
C02894,59.76
C00888,34.95
C02245,67.27
C00215,77.74
C00760,51.58
C00361,7.92
C00569,63.98
C01492,68.73
C02634,68.09
C02214,84.72
C01963,38.58
C00219,73.6
C00669,83.85
C02068,24.43
C00950,66.39
C02196,49.92
C00403,58.37
C02415,66.95
C01438,50.26
C01158,46.49
C00745,60.68
C00100,38.26
C02314,38.28
C01814,73.59
C00284,37.02
C02094,73.33
C00176,69.25
C01190,25.48
C02705,46.45
C00842,83.88
C01819,40.38
C01780,50.71
C01433,69.24
C00367,75.67
C00860,54.97
C02260,48.05
C02087,88.45
C00151,94.78
C01504,79.58
C01599,61.71
C02347,43.83
C00946,43.39
C01362,95.74
C00275,68.37
C01188,88.03
C02367,73.01
C00603,29.94
C00691,95.16
C01393,40.04
C02844,52.32
C01718,65
C02597,99.91
C01874,100
C00568,72.13
C02171,
C01212,70.69
C00680,77.75
C00135,53.59
C01778,95.9
C00121,64.6
C00645,69.95
C00803,73.32
C00196,68.43
C02100,76.78
C01335,47.65
C01838,48.83
C00622,38
C02026,68.79
C01201,75.58
C02145,69.16
C02877,97.08
C01030,59.89
C02595,73.37
C02678,38.17
C02943,52.26
C01648,73.91
C01069,76.98
C00597,54.12
C00721,98.12
C02464,29.64
C00499,52.86
C02806,77.81
C00412,71.5
C01533,70.01
C02378,61
C01002,60.14
C00239,46.79
C01457,73.98
C00832,68.42
C00071,69.84
C01293,49.48
C00193,16.93
C01789,81.94
C02716,50.42
C01097,42.74
C01223,73.87
C00899,52.16
C02105,81.2
C01256,72.34
C02233,
C02340,0.12
C00732,84.24
C02882,65.23
C01984,52.61
C01770,62.87
C02371,24.48
C01875,68.17
C00898,39.41
C02953,32.95
C00671,29.55
C01506,82.25
C02365,47.41
C00719,90.67
C01072,49.28
C00044,25.85
C00583,37.67
C01289,84.72
C00220,56.88
C00858,49.03
C00804,63.2
C01781,70.04
C02576,82.35
C02348,98.81
C00791,52.8
C00658,33.48
C02733,51.73
C01610,65.21
C02388,40.72
C00204,40.86
C02623,66.88
C01615,59.03
C02104,60.66
C00230,44.83
C00299,55.39
C02847,41.52
C01115,77.8
C02506,80.7
C00351,23.08
C02851,41.41
C00508,30.07
C02510,47
C00114,58.33
C02255,31.01
C01259,41.56
C01232,39.92
C01565,64.15
C02987,61.39
C02903,45.57
C02743,63.54
C01339,49.07
C01685,54.57
C02828,93.47
C01739,86.81
C00288,34.01
C02742,76.59
C01746,76.23
C01449,37.03
C02887,76.38
C01118,90.76
C00013,37.55
C00945,41.65
C02790,80.35
C02708,65.43
C01053,71.03
C00296,66.81
C00926,67.81
C02487,33.47
C00830,80.95
C01771,83.39
C01205,55.41
C02679,59.13
C02655,29.38
C02324,70.29
C01095,71.44
C01832,58.76
C00110,82.49
C00904,53.32
C02616,71.29
C00031,39.61
C00486,8.85
C02154,56.51
C02229,64.51
C00777,52.61
C02441,57.37
C01744,76.52
C01351,
C02878,27.87
C00979,94.99
C01613,87.63
C02168,34.15
C01667,73.79
C01261,49.94
C02760,65.27
C02054,65.88
C00766,55.31
C02765,44.32
C01974,46.19
C01352,41.68
C00109,43.36
C00722,58.66
C00498,45.68
C01757,73.64
C02005,89.74
C02654,48.4
C02527,64.79
C00565,69.99
C00417,69.44
C00953,61.52
C01345,74.85
C02155,69.64
C02663,35.25
C00614,77.38
C02043,77.75
C00273,44.73
C02300,60.76
C01962,73.67
C02657,55.81
C00472,96.4
C02418,100
C00184,44.28
C02520,32.38
C00916,66.08
C00152,74.43
C01187,55.38
C02900,89.07
C02926,33.23
C02837,73.86
C02938,47.88
C02118,94.39
C02551,99.85
C00585,44.67
C02078,49.01
C01469,77.19
C00606,52.26
C01612,59.09
C00678,60.51
C00590,21.61
C00655,59.72
C02463,
C01269,50.14
C02723,88.87
C01412,34.87
C01273,76.26
C00556,54.42
C02092,54.4
C01341,75.81
C00145,66.8
C01074,71.41
C02403,79.36
C02928,53.37
C02046,
C00808,38.3
C02285,43.49
C00136,100
C01581,84.89
C00103,32.98
C02930,33.55
C01221,69.64
C00423,70.95
C02620,70.98
C01658,54.9
C01226,57.49
C01236,66.56
C00811,
C00599,15.61
C01554,55.4
C02299,42.97
C00125,63.5
C00030,100
C02329,67.35
C02096,53.73
C01621,78.44
C02169,69.65
C00810,68.4
C00784,72.14
C00241,100
C02352,37.38
C02690,69.47
C02120,8.93
C01903,98.75
C01790,41.63
C00253,51.65
C01861,54.1
C02448,79.52
C00970,78.37
C00228,35.09
C00064,61.1
C00045,45.81
C02269,34.83
C01892,55.66
C00692,53.83
C00932,100
C02630,68.66
C02489,32.45
C01033,48.7
C00388,80.43
C01860,100
C01171,28.28
C01877,22.4
C01363,97.42
C01162,67.79
C00927,42.63
C00908,70.69
C02759,7.29
C02458,60.07
C02230,66.56
C00656,78.49
C01922,39.72
C00444,61.71
C00298,41.49
C01761,65.11
C01398,42.09
C00554,51.84
C00421,98.76
C00185,73.02
C00788,77.17
C01695,55.31
C00280,99.18
C02670,31.03
C01174,54.01
C01478,59
C00440,100
C00480,37.76
C00965,89.28
C00912,79.94
C01361,65.61
C00372,95.17
C02816,67.44
C00865,67.78
C00326,58.94
C01965,84.47
C02779,81.93
C00566,47.49
C01873,33.62
C00706,55.94
C01499,44
C01703,58.73
C01500,84.75
C00211,50.85
C00411,59.14
C00427,61.16
C01601,76.97
C01967,15.06
C02407,47.87
C02700,64.23
C01653,84
C00046,50.16
C00600,22.47
C01913,72.39
C00260,47.29
C02571,36.21
C02025,47.51
C02477,56.31
C00747,47.91
C02830,15.89
C02406,77.94
C00507,85.5
C02624,73.03
C00506,37.25
C01193,55.97
C01540,59.87
C00502,71.98
C02119,73.37
C00291,45.32
C00756,61.64
C01870,69.15
C00377,89.12
C01437,74.09
C02590,75.78
C00255,61.68
C02647,88.21
C02081,68.2
C02182,42.78
C01787,88.07
C01887,73.96
C00433,51.14
C00890,8.21
C01420,65.93
C00839,69.26
C01452,63.95
C01515,66.23
C02227,94
C02032,81.43
C00323,63.81
C02861,78.83
C02586,39.35
C00439,67.96
C02358,96.19
C02888,55.64
C00085,43.05
C00627,46.96
C01376,38.21
C01182,98.04
C00813,52.59
C01371,31.89
C00297,60.31
C01555,78.05
C00528,96.84
C01872,90.39
C01426,70.22
C01034,80.61
C02648,46.84
C00479,77.09
C00938,38.16
C01098,77.8
C00199,63.44
C01175,71.07
C00735,36.49
C00799,42.1
C00209,71.94
C00325,41.03
C00894,69.26
C02918,32.66
C01895,76.96
C00843,35.35
C01322,71.05
C01508,72.51
C01413,46.06
C00415,71.64
C01048,65.21
C02319,49.22
C00562,39.83
C00352,20.75
C00753,66.99
C01025,28.7
C02813,61.91
C00550,54.73
C02645,73.58
C00757,53.96
C00157,53.41
C01633,74.64
C02578,66.7
C01129,66.32
C01488,69.39
C01906,29.29
C02922,75.14
C01042,72.25
C00189,39.67
C00866,55.12
C00052,59.21
C01821,57.31
C01455,66.68
C01868,88.63
C00536,81.64
C01408,33.76
C02334,72.44
C01567,86.58
C00122,67.74
C00492,81.82
C01704,100
C00535,80.47
C02500,64.99
C02707,80.9
C02482,62.9
C01222,60.48
C01303,52.97
C00027,91.27
C01243,
C00806,90.65
C02729,70
C01927,4.66
C01745,67.35
C00101,18
C02224,72.51
C02277,77.7
C02866,48.15
C02313,62.47
C00531,99.08
C01972,49.89
C00643,38.82
C00487,89.63
C02859,99.25
C01164,60.07
C01481,80.23
C02178,86.83
C00180,45.15
C02132,
C02405,84.62
C02577,93.7
C01421,71.26
C01109,42.4
C01026,99.74
C02684,49.38
C01546,53.3
C00469,66.85
C00752,91.08
C02604,77.08
C01075,68.3
C01587,69.27
C00070,60.87
C01406,71.16
C00801,
C02400,54.07
C01840,64.83
C00882,36.98
C00309,67.73
C01845,55.91
C02664,95.11
C01282,91.46
C02064,50.68
C00416,56.98
C01245,58.52
C02544,50.97
C02719,63.9
C02998,44.83
C00197,37.39
C00545,72.45
C01534,72.59
C02756,43.91
C00333,77.91
C00062,47.37
C01730,65.06
C00231,76.41
C02442,59.33
C01468,69.09
C02440,49.67
C00446,56.07
C00694,55.88
C01177,45.07
C01346,56.46
C02836,4.69
C00258,50.18
C01043,
C02472,54.88
C01993,55.17
C02689,58.76
C01062,69.59
C01979,77.49
C02437,47
C01422,35.94
C01028,39.16
C01721,50.26
C01375,52.96
C00178,44.6
C02035,34.08
C02023,50.88
C00074,63.63
C01076,71.9
C02771,48.85
C00473,51.74
C00355,41.47
C00066,59.37
C01833,43.03
C02165,71.46
C02834,24.28
C01324,52.81
C02651,66.02
C01729,63.68
C02058,7
C02303,67
C02795,39.92
C01722,58.09
C00200,24.48
C00248,58.39
C00605,43.34
C01841,78.31
C02971,49.01
C02252,57.66
C00749,47.29
C01323,94.78
C02226,53.58
C01919,96.65
C02084,76.28
C01616,69.64
C02116,67.37
C01558,67.88
C01045,21.45
C02958,54.42
C02674,76.9
C00812,59.02
C01056,31.9
C01946,58.95
C00430,94.08
C01666,84.94
C00169,58.76
C02003,97.99
C00133,52.67
C02317,25.92
C00018,41.51
C01058,91.26
C01427,54.52
C01484,55.13
C02699,54
C02992,98.08
C00539,92.52
C02516,100
C02304,56.82
C00880,65.91
C01551,29.67
C02234,89.54
C00995,36.64
C00222,64.34
C01296,38.05
C01673,98.51
C01727,43.25
C01898,47.84
C00512,49.22
C02115,49.03
C00612,76.67
C02111,37.9
C01514,64.41
C01766,84.36
C01619,49.74
C01264,45.64
C00234,55.39
C01742,83.59
C00713,63.88
C02305,49.38
C02485,69.68
C01570,95.9
C01035,73.63
C01104,98.85
C01019,53.84
C00240,43.23
C02288,42.27
C02030,70.7
C00394,84.58
C01544,47.25
C00158,69.17
C01559,18.26
C02575,48.31
C01607,59.38
C02923,41.81
C02459,41.27
C02856,46.64
C02099,65.84
C01316,56.25
C00790,15.24
C00024,17.59
C00743,47.86
C02139,69.15
C02754,5.05
C02593,50.01
C02019,49.48
C02108,87.77
C01537,52.3
C01617,67.66
